normalized_artists,normalized_title,source_position,video_id,video_url,raw_candidate_count,best_score
Schmalgauzen,уночі,15,GImHu7QWTEY,https://music.youtube.com/watch?v=GImHu7QWTEY,0,0.0000
Beyond Remembrance,Alternate Resident Evil Save Room Music,50,epPjc73iT2w,https://music.youtube.com/watch?v=epPjc73iT2w,0,0.0000
Shira Choir,Mimkoimchu,62,y1thKzyRxkU,https://music.youtube.com/watch?v=y1thKzyRxkU,0,0.0000
Encapsulation,Alternate Resident Evil Save Room Music,67,J2_ifsAX4Gg,https://music.youtube.com/watch?v=J2_ifsAX4Gg,0,0.0000
Rowan Lee Hartsuiker,Chinggis Magtaal,68,gF4q6PSkRw0,https://music.youtube.com/watch?v=gF4q6PSkRw0,0,0.0000
Khusugtun,Praise of Chinggis Khaan,69,J5jI59BQjzs,https://music.youtube.com/watch?v=J5jI59BQjzs,10,0.4563
The Main Squeeze,"Have a Cigar"" (Pink Floyd)",72,FdCkXQ6ciXg,https://music.youtube.com/watch?v=FdCkXQ6ciXg,10,0.4640
Batzorig Vaanchig,The Beautiful Steppe,80,ec73IZloJhc,https://music.youtube.com/watch?v=ec73IZloJhc,0,0.0000
Angelo Badalamenti,Moving Through Time,84,i3BhWXi5lzo,https://music.youtube.com/watch?v=i3BhWXi5lzo,0,0.0000
Stoic Music,Storm Edge,97,Zt7rxV2i8cE,https://music.youtube.com/watch?v=Zt7rxV2i8cE,0,0.0000
CØL,One Last Touch...,118,wKv6zi7hzzc,https://music.youtube.com/watch?v=wKv6zi7hzzc,0,0.0000
Rotting Christ,Daimonon Vrosis (Re-recorded),119,ELOqwWO8vAc,https://music.youtube.com/watch?v=ELOqwWO8vAc,0,0.0000
Diddy Heil Epstein,Full Lyric Video (tiktok audio),125,CTfAn-6trNQ,https://music.youtube.com/watch?v=CTfAn-6trNQ,0,0.0000
Cities Last Broadcast; Fractalyst,Imprecise Waltz,126,FzvqjWiQd4U,https://music.youtube.com/watch?v=FzvqjWiQd4U,0,0.0000
Wounded Masquerade,my lungs are just rooms for ghosts,127,c776nK4no0Q,https://music.youtube.com/watch?v=c776nK4no0Q,5,0.4073
Atrium Carceri,Pathway to Nothing,129,4iKqzUEmKGA,https://music.youtube.com/watch?v=4iKqzUEmKGA,0,0.0000
Metatron Omega,Megalosthronos,140,TP0_3JMntAc,https://music.youtube.com/watch?v=TP0_3JMntAc,0,0.0000
Emerelle,"Evenstar (""Lord of the Rings"")",144,2GdWWPVMITc,https://music.youtube.com/watch?v=2GdWWPVMITc,0,0.0000
FLat7,パス・トゥ・ハート - Path To Heart,153,baaDERtnt2o,https://music.youtube.com/watch?v=baaDERtnt2o,0,0.0000
揽佬SKAI ISYOURGOD,求签,160,Jnkm6kM4Tn0,https://music.youtube.com/watch?v=Jnkm6kM4Tn0,0,0.0000
攬佬SKAI ISYOURGOD & AR劉夫陽,大展鴻圖(Blueprint Supreme),161,yWT-UopFlAs,https://music.youtube.com/watch?v=yWT-UopFlAs,0,0.0000
攬佬SKAI ISYOURGOD,八方來財(Stacks from All Sides),168,cUwnLvgdo5g,https://music.youtube.com/watch?v=cUwnLvgdo5g,0,0.0000
Misanthrop,Blod Besvimelse,183,sapvbf2CKoE,https://music.youtube.com/watch?v=sapvbf2CKoE,0,0.0000
PATRIARKH,WIERSZALIN V,184,NGIx9z5k3Go,https://music.youtube.com/watch?v=NGIx9z5k3Go,0,0.0000
Eminem,Venom (Music From The Motion Picture),189,pB-B6DUY0OY,https://music.youtube.com/watch?v=pB-B6DUY0OY,0,0.0000
Земфира,П.М.М.Л.,197,gqXde_na_YA,https://music.youtube.com/watch?v=gqXde_na_YA,0,0.0000
Pogo,Grover Groove,201,H5Vrom3ngSE,https://music.youtube.com/watch?v=H5Vrom3ngSE,0,0.0000
Peppino Gagliardi,Che vuole questa musica stasera,228,0g16tSwpvwQ,https://music.youtube.com/watch?v=0g16tSwpvwQ,0,0.0000
Smother dsbm,pain agony (Dsbm),232,7CKrMkCmBsY,https://music.youtube.com/watch?v=7CKrMkCmBsY,0,0.0000
Deftones,infinite source,235,jSNvyzsNEaQ,https://music.youtube.com/watch?v=jSNvyzsNEaQ,0,0.0000
Hideki Taniuchi,Tokei no Hari no Oto,247,M7h8XlbQ4aA,https://music.youtube.com/watch?v=M7h8XlbQ4aA,0,0.0000
Deadspace,Pain's Grey,248,7LzF3EhLkLQ,https://music.youtube.com/watch?v=7LzF3EhLkLQ,0,0.0000
Kra$h,"Yours Truly, Krash",255,g55E5dofoJY,https://music.youtube.com/watch?v=g55E5dofoJY,0,0.0000
Macintosh Plus,私はそれで午前ZONE,258,DK_sVdH2PwU,https://music.youtube.com/watch?v=DK_sVdH2PwU,0,0.0000
Klaus Badelt,Swords Crossed,265,QQLErKfQ4LU,https://music.youtube.com/watch?v=QQLErKfQ4LU,0,0.0000
Imperial Orchestra,Interstellar (Original Score),269,Vdi8c51e-ME,https://music.youtube.com/watch?v=Vdi8c51e-ME,0,0.0000
Meshuggah,Broken Cog,273,ESgBunzLJyI,https://music.youtube.com/watch?v=ESgBunzLJyI,0,0.0000
Black Sabbath,Changes (2009 Remaster),276,exfhPVHOZzM,https://music.youtube.com/watch?v=exfhPVHOZzM,0,0.0000
Dying Fetus,Unbridled Fury,277,YlFFSKkGwP4,https://music.youtube.com/watch?v=YlFFSKkGwP4,0,0.0000
Urfaust,Meditatum VI,284,4LQh6l-WGSk,https://music.youtube.com/watch?v=4LQh6l-WGSk,0,0.0000
Black Sabbath,Changes (2021 Remaster),287,_eBCxYVma1g,https://music.youtube.com/watch?v=_eBCxYVma1g,0,0.0000
Urfaust,Meditatum I,291,c8XEfqWj6nk,https://music.youtube.com/watch?v=c8XEfqWj6nk,0,0.0000
Black Label Society,S.D.M.F.,295,O1bioFfEBK4,https://music.youtube.com/watch?v=O1bioFfEBK4,0,0.0000
传统艺术团,老鹰之歌 (纯音乐版),297,j1Irg6TLcaQ,https://music.youtube.com/watch?v=j1Irg6TLcaQ,0,0.0000
HIM,Love's Requiem,336,1ZZzO3zF9mY,https://music.youtube.com/watch?v=1ZZzO3zF9mY,0,0.0000
Decalius,Isolated From Life,359,DOMRnLat1AE,https://music.youtube.com/watch?v=DOMRnLat1AE,0,0.0000
VXLLAIN; VØJ; Narvent,Distant Echoes,364,87Nk5cVwD9A,https://music.youtube.com/watch?v=87Nk5cVwD9A,0,0.0000
Wounded Masquerade,Cling to Past Memories,368,m7yPJ-1cd4c,https://music.youtube.com/watch?v=m7yPJ-1cd4c,10,0.5419
Blade and Bath,Alcoholic and Drug Addicted,369,8HZVv5neY_E,https://music.youtube.com/watch?v=8HZVv5neY_E,0,0.0000
Gutalax,Asshole Ghost Wishmaster,373,jnW1ssqjKVs,https://music.youtube.com/watch?v=jnW1ssqjKVs,0,0.0000
Gutalax,Vykouření dařbujána vietnamského veterána,375,6tDwv7Xqgr8,https://music.youtube.com/watch?v=6tDwv7Xqgr8,0,0.0000
Hell,Helmzmen,378,BjWEvOMeuP0,https://music.youtube.com/watch?v=BjWEvOMeuP0,0,0.0000
Blade and Bath,Blade and Bath,379,KwYZGHXUgEU,https://music.youtube.com/watch?v=KwYZGHXUgEU,0,0.0000
Urfaust,Vom Gesicht und Rätsel,383,g9wS2V4cHcc,https://music.youtube.com/watch?v=g9wS2V4cHcc,0,0.0000
None,It's Painless to Let Go,385,IHYxs17nGaw,https://music.youtube.com/watch?v=IHYxs17nGaw,0,0.0000
Wounded Masquerade,Would my ending bring you peace?,389,2EGOdTxOaJA,https://music.youtube.com/watch?v=2EGOdTxOaJA,4,0.3988
Wounded Masquerade,All moments were in vain,398,XeUHNN7L5Jo,https://music.youtube.com/watch?v=XeUHNN7L5Jo,1,0.5131
Decalius,A Miserable Life...,399,DEuhdR9Cf_E,https://music.youtube.com/watch?v=DEuhdR9Cf_E,0,0.0000
Wounded Masquerade,Forlorn (Closure),400,_Flb0fJTx6U,https://music.youtube.com/watch?v=_Flb0fJTx6U,0,0.0000
Nergot Traurig,Sacrimoon - A Moment of My Depression,406,aZweCOPNn48,https://music.youtube.com/watch?v=aZweCOPNn48,0,0.0000
Wounded Masquerade,It hurt most when it came from you,407,A-pFep2MB9U,https://music.youtube.com/watch?v=A-pFep2MB9U,10,0.4657
Blade and Bath,Eternal Nothingness,410,5VxS4SESIYk,https://music.youtube.com/watch?v=5VxS4SESIYk,0,0.0000
Decalius,Hated By Life Itself,411,5J-2DhvuClQ,https://music.youtube.com/watch?v=5J-2DhvuClQ,5,0.4914
Decalius,Excluded From Humanity,412,HDD3m9RPAZY,https://music.youtube.com/watch?v=HDD3m9RPAZY,0,0.0000
Wounded Masquerade,X,413,FmZ6GAAccgk,https://music.youtube.com/watch?v=FmZ6GAAccgk,0,0.0000
Dopelord,Ghost Cargo from the Bong,424,P5bPuzrMQGc,https://music.youtube.com/watch?v=P5bPuzrMQGc,0,0.0000
Acrania,The Depopulation Programme,439,r74SSdxFSx0,https://music.youtube.com/watch?v=r74SSdxFSx0,0,0.0000
Океан Ельзи,Не питай,491,xcEgCjWbb3A,https://music.youtube.com/watch?v=xcEgCjWbb3A,0,0.0000
John Bayless; Giacomo Puccini,Puccini: Nessun dorma! (No man shall sleep!),507,lUEPM3jIKOs,https://music.youtube.com/watch?v=lUEPM3jIKOs,0,0.0000
Infant Annihilator,Apocalypse Incarnate,518,YUdA6xcNLeA,https://music.youtube.com/watch?v=YUdA6xcNLeA,0,0.0000
Emil De Nuit; Frederic Chopin,Op.27 Nocturne 2 Des Dur In D Flat,522,WXIIjsCcVOA,https://music.youtube.com/watch?v=WXIIjsCcVOA,0,0.0000
Ólafur Järvinen,"Chopin: Waltz in C sharp minor, Op. 64 No. 2",524,KMuJSI8WbaQ,https://music.youtube.com/watch?v=KMuJSI8WbaQ,1,0.4932
Maurizio Pollini; Frédéric Chopin,"Chopin: 12 Études, Op. 25: No. 11 in A Minor ""Winter Wind",529,bHbgLoDG8Ko,https://music.youtube.com/watch?v=bHbgLoDG8Ko,0,0.0000
Entropy,A Dystopian Cyberpunk Ambient Journey - Blade Runner Ambient Music for Deep Focus,531,CAj-Bw9yKhg,https://music.youtube.com/watch?v=CAj-Bw9yKhg,0,0.0000
Dope,"Die, Bom, Bang, Burn, F***",552,ei_uE29PJmE,https://music.youtube.com/watch?v=ei_uE29PJmE,0,0.0000
Dope,F*ck tha Police [2005 Studio Version],556,J8yTMBHkMnc,https://music.youtube.com/watch?v=J8yTMBHkMnc,0,0.0000
Dope,Die MF Die,557,JC9jhtuscZ4,https://music.youtube.com/watch?v=JC9jhtuscZ4,0,0.0000
Ulcerate,Further Opening the Wounds,578,CCTbRbEPoB4,https://music.youtube.com/watch?v=CCTbRbEPoB4,0,0.0000
Atakan Teoman,Aria Math (Handpan Version),582,FnPmIrdOkcU,https://music.youtube.com/watch?v=FnPmIrdOkcU,0,0.0000
Ulcerate,Transfiguration In and Out of Worlds,583,iPKEcdIbUEE,https://music.youtube.com/watch?v=iPKEcdIbUEE,0,0.0000
Urfaust,Hypnotisch Bevel - De Daimonische Mensch,584,dHU7aV-cXXE,https://music.youtube.com/watch?v=dHU7aV-cXXE,0,0.0000
Montserrat Caballé,Exercises in Free Love (Montserrat Vocal),585,p1AXvGpQMq0,https://music.youtube.com/watch?v=p1AXvGpQMq0,8,0.4371
Ulcerate,To Flow Through Ashen Hearts,590,hO3EH6A-SEE,https://music.youtube.com/watch?v=hO3EH6A-SEE,1,0.4055
Ulcerate,Cutting the Throat of God,593,674H5DJ7ECQ,https://music.youtube.com/watch?v=674H5DJ7ECQ,10,0.5018
The HU,Black Thunder (Extended),599,Yndyk2cRjMM,https://music.youtube.com/watch?v=Yndyk2cRjMM,0,0.0000
Yot Club,YKWIM?,628,_C9rRLDimfQ,https://music.youtube.com/watch?v=_C9rRLDimfQ,0,0.0000
Urfaust,Bloedsacrament Voor De Geestenzieners,643,9tFtRpqWBjY,https://music.youtube.com/watch?v=9tFtRpqWBjY,0,0.0000
Urfaust,Scrabreusheden Uit Het Tuchtarsenaal,644,rhBmF0JLA-A,https://music.youtube.com/watch?v=rhBmF0JLA-A,0,0.0000
Urfaust,Die Erste Levitation,645,DgqaSX9hTxY,https://music.youtube.com/watch?v=DgqaSX9hTxY,0,0.0000
Urfaust,Zelfkastijder,646,p9Wayr74KTE,https://music.youtube.com/watch?v=p9Wayr74KTE,0,0.0000
Macintosh Plus,海底,656,Yl7ArRaHUQw,https://music.youtube.com/watch?v=Yl7ArRaHUQw,0,0.0000
Roadman Shaq,Feel Ting Inc.,659,DyMY2jbeLEI,https://music.youtube.com/watch?v=DyMY2jbeLEI,0,0.0000
Vales,Warm The Room,668,Riyytm8_5TE,https://music.youtube.com/watch?v=Riyytm8_5TE,0,0.0000
Paleface Swiss,Nail To The Tooth,670,DAf9q0mGhr0,https://music.youtube.com/watch?v=DAf9q0mGhr0,1,0.4379
Beach Weather,"Sex, Drugs, Etc.",671,8kXNJWalO14,https://music.youtube.com/watch?v=8kXNJWalO14,0,0.0000
Silent Rhythm,Space Ambient Sleep Music,678,AQzHFSYswr0,https://music.youtube.com/watch?v=AQzHFSYswr0,4,0.4673
Meshuggah,The Abysmal Eye,701,_7XHQ09C_6I,https://music.youtube.com/watch?v=_7XHQ09C_6I,0,0.0000
Infant Annihilator,"Baptised, Bastardised, Sodomised.",714,g_HTpeC2tW4,https://music.youtube.com/watch?v=g_HTpeC2tW4,0,0.0000
Yaakov Shwekey,רחם,731,xxfKbIoy2_g,https://music.youtube.com/watch?v=xxfKbIoy2_g,0,0.0000
Shulem,Uvyom HaShabbos,732,rF2l2mtfufg,https://music.youtube.com/watch?v=rF2l2mtfufg,0,0.0000
C418,Aria Math,733,maWHojZTnTg,https://music.youtube.com/watch?v=maWHojZTnTg,0,0.0000
деформация души,дай денег,736,6ECkuppjECg,https://music.youtube.com/watch?v=6ECkuppjECg,0,0.0000
DJ Cummerbund,Animal Wonderland,737,Y4FC0pUHAmI,https://music.youtube.com/watch?v=Y4FC0pUHAmI,0,0.0000
"Slipknot and Evelyn ""Champagne"" King",Shame-ality,745,AJmQbz0uy_c,https://music.youtube.com/watch?v=AJmQbz0uy_c,0,0.0000
Los Disturbados,Stuparena,746,A_SaCZbENZk,https://music.youtube.com/watch?v=A_SaCZbENZk,0,0.0000
Bill McClintock,"Spiceknot - ""If You Wanna Breathe My Sulfur",747,pm08v69vG10,https://music.youtube.com/watch?v=pm08v69vG10,0,0.0000
Rick James Dio,Holy Mary Jane,748,T_A6XC_EG4A,https://music.youtube.com/watch?v=T_A6XC_EG4A,0,0.0000
Bill McClintock,"Mentallica - ""Land Down One-der",749,HJIIGpuuuYQ,https://music.youtube.com/watch?v=HJIIGpuuuYQ,0,0.0000
Bill McClintock,Bob Marleykorn - “Could You Be a Freak on a Leash”,750,XgIu2xcIJ6w,https://music.youtube.com/watch?v=XgIu2xcIJ6w,0,0.0000
Thy Art Is Murder,Whore to a Chainsaw,760,McF8U-y01Wk,https://music.youtube.com/watch?v=McF8U-y01Wk,3,0.5437
Hideki Taniuchi,Shinigamikai B,771,hlM8jL40xWc,https://music.youtube.com/watch?v=hlM8jL40xWc,0,0.0000
Hideki Taniuchi,L no Kako,773,dQSG381pNWo,https://music.youtube.com/watch?v=dQSG381pNWo,0,0.0000
Hideki Taniuchi,Tokuso,774,idXL5x6RtEQ,https://music.youtube.com/watch?v=idXL5x6RtEQ,0,0.0000
Hideki Taniuchi,Shinigamikai,775,joOLTDC9clo,https://music.youtube.com/watch?v=joOLTDC9clo,0,0.0000
Hideki Taniuchi,Light no Theme,776,srDmw7kSjik,https://music.youtube.com/watch?v=srDmw7kSjik,0,0.0000
Океан Ельзи,Обійми,783,8wWrzr3_46Y,https://music.youtube.com/watch?v=8wWrzr3_46Y,0,0.0000
БумБокс,Тримай мене (feat. The Gitas),788,UmJApFVLWZ0,https://music.youtube.com/watch?v=UmJApFVLWZ0,0,0.0000
Pianoбой,Кохання,789,TuF-1TbV6Mw,https://music.youtube.com/watch?v=TuF-1TbV6Mw,0,0.0000
Macintosh Plus,ライブラリ,790,8ZsDsjO6Knc,https://music.youtube.com/watch?v=8ZsDsjO6Knc,0,0.0000
Macintosh Plus,リサフランク420 - 現代のコンピュー,791,ZyH5EjuDLx8,https://music.youtube.com/watch?v=ZyH5EjuDLx8,0,0.0000
Macintosh Plus,ブート,792,xDVKyHvi65s,https://music.youtube.com/watch?v=xDVKyHvi65s,0,0.0000
Aethyrien,Árásaust,798,xzxK9eAEDZY,https://music.youtube.com/watch?v=xzxK9eAEDZY,0,0.0000
Conchita performs Rise Like a Phoenix,Sydney Opera House,801,P7TKoQ6nwiI,https://music.youtube.com/watch?v=P7TKoQ6nwiI,0,0.0000
Ghost,Kaisarion,808,yt40jLz7TeQ,https://music.youtube.com/watch?v=yt40jLz7TeQ,0,0.0000
"Хор "" София","П.Гончаров: "" Кресту Твоему",809,pgvelTw51AI,https://music.youtube.com/watch?v=pgvelTw51AI,1,0.2114
Urfaust,Meditatum IV,820,BcknjjGcFOM,https://music.youtube.com/watch?v=BcknjjGcFOM,0,0.0000
Led Zeppelin,Heartbreaker (Remaster),821,0hdQi2_HzAc,https://music.youtube.com/watch?v=0hdQi2_HzAc,0,0.0000
Aethyrien,Berserkr (The Henbane Experience),826,8uWiraV_JHg,https://music.youtube.com/watch?v=8uWiraV_JHg,0,0.0000
Shon MC,Мы таджики (feat. Umfa Man),841,F_7-srWn5pc,https://music.youtube.com/watch?v=F_7-srWn5pc,0,0.0000
Rammstein,Armee der Tristen,869,t-NUBR2kufw,https://music.youtube.com/watch?v=t-NUBR2kufw,0,0.0000
Ozzy Osbourne,Patient Number 9 (feat. Jeff Beck),872,6c2OCDBVw08,https://music.youtube.com/watch?v=6c2OCDBVw08,0,0.0000
Scorpions,When the Smoke Is Going Down (2015 - Remaster),888,Dq6v3BGzzSk,https://music.youtube.com/watch?v=Dq6v3BGzzSk,20,0.4393
PATRIARKH,Tretij Czas,900,53dtLBhPi_A,https://music.youtube.com/watch?v=53dtLBhPi_A,0,0.0000
PATRIARKH,Wieczernia,901,52_OmwfeVSw,https://music.youtube.com/watch?v=52_OmwfeVSw,0,0.0000
Ghost,Griftwood,907,ni3IMbhLJ_k,https://music.youtube.com/watch?v=ni3IMbhLJ_k,0,0.0000
Randy Crenshaw,Perry the Platypus,908,CdylQOG3Mto,https://music.youtube.com/watch?v=CdylQOG3Mto,0,0.0000
Ghost,Ghuleh/Zombie Queen,911,VgamwEi90w4,https://music.youtube.com/watch?v=VgamwEi90w4,0,0.0000
Disembodied Tyrant,The Divine Stigmata,918,mG8H7yt8lBc,https://music.youtube.com/watch?v=mG8H7yt8lBc,0,0.0000
Ghost,Square Hammer,920,5IaLIcuFJeE,https://music.youtube.com/watch?v=5IaLIcuFJeE,0,0.0000
Ghost,Darkness At The Heart Of My Love,922,3AD-KR-z1x8,https://music.youtube.com/watch?v=3AD-KR-z1x8,13,0.4982
Ghost,Respite On The Spitalfields,930,OY8kAOv_Z6U,https://music.youtube.com/watch?v=OY8kAOv_Z6U,0,0.0000
Ghost,Kiss The Go-Goat,931,i9t1V5GPG8Q,https://music.youtube.com/watch?v=i9t1V5GPG8Q,0,0.0000
Cuckold Burger,Машина говновоз,948,iyFG6uA_DLI,https://music.youtube.com/watch?v=iyFG6uA_DLI,0,0.0000
РУСЛАНА,Це - любов,949,xlxV4yadaZw,https://music.youtube.com/watch?v=xlxV4yadaZw,0,0.0000
Василь Жданкін,Чорна рілля,954,NY7Dj01LnuE,https://music.youtube.com/watch?v=NY7Dj01LnuE,0,0.0000
Adele,I Drink Wine,956,GDdoEZL3vJg,https://music.youtube.com/watch?v=GDdoEZL3vJg,0,0.0000
Urfaust,Unter Töchtern der Wüste,967,Pfa6anjthnY,https://music.youtube.com/watch?v=Pfa6anjthnY,0,0.0000
Pawl D Beats,Viking Music: Rurik,988,DyPJkqkdkY0,https://music.youtube.com/watch?v=DyPJkqkdkY0,0,0.0000
líue,Suffer With Me,998,OgmMJGEhwxw,https://music.youtube.com/watch?v=OgmMJGEhwxw,0,0.0000
Bjorth,Midgard Rising,1004,o_UHeqTe1nQ,https://music.youtube.com/watch?v=o_UHeqTe1nQ,0,0.0000
M8,AzovStahl,1017,NabkPanTpC0,https://music.youtube.com/watch?v=NabkPanTpC0,0,0.0000
Urfaust,Offerschaal Der Astrologische Mengvormen,1027,JfM7h9u1VP0,https://music.youtube.com/watch?v=JfM7h9u1VP0,0,0.0000
Urfaust,IX: Der Einsiedler,1028,kEXJeYispmQ,https://music.youtube.com/watch?v=kEXJeYispmQ,0,0.0000
Urfaust,Die kalte Teufelsfaust,1029,F_IN6anCEJk,https://music.youtube.com/watch?v=F_IN6anCEJk,0,0.0000
Mudvayne,Live Dosage 50,1045,qW4T5tEOq_E,https://music.youtube.com/watch?v=qW4T5tEOq_E,0,0.0000
Gnarls Barkley,Crazy - From the Basement,1053,WOjFhKg4h3s,https://music.youtube.com/watch?v=WOjFhKg4h3s,7,0.3967
Gary Moore,"Live Blues (1993) #8 ""Still Got The Blues",1057,0o7BwblazjQ,https://music.youtube.com/watch?v=0o7BwblazjQ,0,0.0000
The epic of Gilgamesh,Ancient Sumerian Song by Peter Pringle,1074,62pa9YAf6f8,https://music.youtube.com/watch?v=62pa9YAf6f8,0,0.0000
Wolves in the Throne Room,Thuja Magus Imperium,1086,8GDK0tcnlk0,https://music.youtube.com/watch?v=8GDK0tcnlk0,0,0.0000
Enigma,Why!...,1097,xpqFGZMBnlk,https://music.youtube.com/watch?v=xpqFGZMBnlk,0,0.0000
Elvis Presley,Can ́t Help Falling In Love,1113,OjiOTDqYYo0,https://music.youtube.com/watch?v=OjiOTDqYYo0,0,0.0000
Wardruna,Voluspá (Skaldic Version),1117,lt4Z1dvlERc,https://music.youtube.com/watch?v=lt4Z1dvlERc,0,0.0000
Aethyrien,"Varðlokkur, Caller of Spirits",1129,VM1YDxh2Hww,https://music.youtube.com/watch?v=VM1YDxh2Hww,0,0.0000
Kabarnos,Agni Parthene (Live Lebanon 2017),1137,Y56UcWkJ1Bk,https://music.youtube.com/watch?v=Y56UcWkJ1Bk,0,0.0000
Wardruna,Lyfjaberg,1138,e4iDsbd1fzc,https://music.youtube.com/watch?v=e4iDsbd1fzc,0,0.0000
Aethyrien,"Völuspá, Visions of the Prophecy",1139,Nt9gpQsKgEg,https://music.youtube.com/watch?v=Nt9gpQsKgEg,0,0.0000
Ruslana,Miy Brat!,1149,hRFCbEI9j3U,https://music.youtube.com/watch?v=hRFCbEI9j3U,0,0.0000
Ruslana,Rachmaninov (DJ Small’s Remake),1150,LfXsj2H8i9Y,https://music.youtube.com/watch?v=LfXsj2H8i9Y,0,0.0000
Lévon Minassian,Siretzi Yares Daran (They Have Taken the One I Love),1153,mLnOpbV4tPU,https://music.youtube.com/watch?v=mLnOpbV4tPU,0,0.0000
Agalloch,Limbs (2016 - Remaster),1156,fC0OFbhLeqk,https://music.youtube.com/watch?v=fC0OFbhLeqk,0,0.0000
niteboi,we should try,1160,dMhXymfudvA,https://music.youtube.com/watch?v=dMhXymfudvA,0,0.0000
PATRIARKH,IRMOS I,1161,-9DXT82_25k,https://music.youtube.com/watch?v=-9DXT82_25k,0,0.0000
Іво Бобул,Болить душа,1163,-WiBhW7re-Y,https://music.youtube.com/watch?v=-WiBhW7re-Y,0,0.0000
Alisa Sova,Чорнобривці,1166,5xMzABwELqA,https://music.youtube.com/watch?v=5xMzABwELqA,0,0.0000
Batzorig Vaanchig; Auli,Hunnu Guren,1179,X5oVGVbbwfI,https://music.youtube.com/watch?v=X5oVGVbbwfI,0,0.0000
Василь Жданкін,"Думи мої, думи мої",1196,RrCAHoI8N7c,https://music.youtube.com/watch?v=RrCAHoI8N7c,1,0.1297
ДахаБраха,Пливе човен,1199,asts8js-GNk,https://music.youtube.com/watch?v=asts8js-GNk,0,0.0000
DakhaBrakha,Nad Dunaem,1200,nqng93Gpw4A,https://music.youtube.com/watch?v=nqng93Gpw4A,0,0.0000
All Angels,Barber: Agnus Dei,1204,TwSC-nH_td8,https://music.youtube.com/watch?v=TwSC-nH_td8,0,0.0000
Aurora,Hans Zimmer,1205,1oTbyENpX58,https://music.youtube.com/watch?v=1oTbyENpX58,0,0.0000
Борис Гмиря,Ніч яка мiсячна,1215,En7TsomfE5A,https://music.youtube.com/watch?v=En7TsomfE5A,0,0.0000
Володимир Івасюк,Пісня буде поміж нас (Live),1216,RzZHYHO0Pjw,https://music.youtube.com/watch?v=RzZHYHO0Pjw,1,0.2417
Mario Lanza,Na sera 'e maggio (Remastered 1995),1219,b2dhl0xPFLU,https://music.youtube.com/watch?v=b2dhl0xPFLU,1,0.4089
Ghostface Playa; fkbambam,KILLKA,1224,oalkbgRJAW8,https://music.youtube.com/watch?v=oalkbgRJAW8,0,0.0000
Ariis,Chupki V Krusta Phonk,1230,UumS0KEZdH0,https://music.youtube.com/watch?v=UumS0KEZdH0,0,0.0000
Julio Iglesias,Nostalgie (Nathalie),1240,9jdzcUGJvpo,https://music.youtube.com/watch?v=9jdzcUGJvpo,0,0.0000
Sergio Velesky,MAIAJI MAIAJUUU,1248,1LGEOYF_b0Y,https://music.youtube.com/watch?v=1LGEOYF_b0Y,0,0.0000
Batushka,Yekteniya VII,1256,EYVDSxpbIWA,https://music.youtube.com/watch?v=EYVDSxpbIWA,0,0.0000
паліндром; Юрій Бондарчук,З букетом троянд,1257,8KIRX9K9vH0,https://music.youtube.com/watch?v=8KIRX9K9vH0,0,0.0000
Ilmari Hakkola,Bad Piggies Theme,1286,EgAOqt8I5ac,https://music.youtube.com/watch?v=EgAOqt8I5ac,0,0.0000
Patrick Carney,BoJack's Theme (Full Length) (feat. Ralph Carney),1288,UkhHY7U3LwU,https://music.youtube.com/watch?v=UkhHY7U3LwU,0,0.0000
Hans Zimmer,Tia Dalma,1293,Cc3qZ1HtwsM,https://music.youtube.com/watch?v=Cc3qZ1HtwsM,0,0.0000
Михаил Елизаров,ДЕТИ И ГАШИШ,1295,h0eEsdYOCRE,https://music.youtube.com/watch?v=h0eEsdYOCRE,0,0.0000
19 Most Romantic Waltzes,Chopin Complete Waltzes,1301,trDOwHzEqMY,https://music.youtube.com/watch?v=trDOwHzEqMY,0,0.0000
Воплі Відоплясова,Halya Is Carrying,1320,aDo38jxxBkw,https://music.youtube.com/watch?v=aDo38jxxBkw,0,0.0000
БумБокс,Вахтерам,1323,pqIbm7H6E1w,https://music.youtube.com/watch?v=pqIbm7H6E1w,0,0.0000
Океан Ельзи,"Там, де нас нема",1325,kTiiUw2HjjM,https://music.youtube.com/watch?v=kTiiUw2HjjM,1,0.4034
Воплі Відоплясова,Весна,1327,aLq0gHTvt8w,https://music.youtube.com/watch?v=aLq0gHTvt8w,0,0.0000
Михаил Елизаров,СТОМАТОЛОГ,1329,52VL7jBq1pc,https://music.youtube.com/watch?v=52VL7jBq1pc,0,0.0000
Егор Летов,Всё как у людей,1333,XAJ47jr3h0U,https://music.youtube.com/watch?v=XAJ47jr3h0U,1,0.2213
Егор Летов,Колыбельная,1334,GY8hbWW8Cfg,https://music.youtube.com/watch?v=GY8hbWW8Cfg,0,0.0000
Егор Летов,Иуда будет в раю,1335,UdgAHSGvIAg,https://music.youtube.com/watch?v=UdgAHSGvIAg,1,0.3460
Егор Летов,Как листовка,1336,T0dUUXaM0Xk,https://music.youtube.com/watch?v=T0dUUXaM0Xk,0,0.0000
Егор Летов,Философская песня о пуле,1337,1riHV-aLO8Q,https://music.youtube.com/watch?v=1riHV-aLO8Q,1,0.2233
Егор Летов,Государство,1340,vBdiuFMScc4,https://music.youtube.com/watch?v=vBdiuFMScc4,0,0.0000
Океан Ельзи,Мить,1361,QevMTQTPhjg,https://music.youtube.com/watch?v=QevMTQTPhjg,0,0.0000
Renée Fleming; London Philharmonic Orchestra; Sir Charles Mackerras; Giacomo Puccini,Puccini: Gianni Schicchi: O mio babbino caro,1364,DLi25fgVuRs,https://music.youtube.com/watch?v=DLi25fgVuRs,0,0.0000
Rotting christ,Χ Ξ Σ (666),1365,70qPvCKU_m4,https://music.youtube.com/watch?v=70qPvCKU_m4,1,0.1164
Дмитро Гнатюк,Два Кольори (1966),1369,cvV2cWyQ9ls,https://music.youtube.com/watch?v=cvV2cWyQ9ls,0,0.0000
Дмитро Гнатюк,Рідна мати моя (Пісня про рушник),1372,XTEMDTVGiKE,https://music.youtube.com/watch?v=XTEMDTVGiKE,1,0.1922
PATRIARKH,Pierwyj Czas,1375,hdbHnKoEzUc,https://music.youtube.com/watch?v=hdbHnKoEzUc,0,0.0000
Urfaust,Meditatum II,1377,JM0VKVa_aRo,https://music.youtube.com/watch?v=JM0VKVa_aRo,0,0.0000
PATRIARKH,Liturgiya,1378,MY2DF1KVatM,https://music.youtube.com/watch?v=MY2DF1KVatM,0,0.0000
Batushka,Yekteniya VIII,1379,5uu8HewYlMA,https://music.youtube.com/watch?v=5uu8HewYlMA,0,0.0000
Batushka,Yekteniya VI,1380,IeJeAB-F0Rw,https://music.youtube.com/watch?v=IeJeAB-F0Rw,0,0.0000
Batushka,Yekteniya I,1381,XCMNqKuuFC4,https://music.youtube.com/watch?v=XCMNqKuuFC4,0,0.0000
Batushka,Yekteniya IV,1383,o_rKSTh6ViE,https://music.youtube.com/watch?v=o_rKSTh6ViE,0,0.0000
Batushka,Yekteniya II,1384,xxdzwpoIZPA,https://music.youtube.com/watch?v=xxdzwpoIZPA,0,0.0000
Batushka,Yekteniya III,1385,DHmZ88ybPtI,https://music.youtube.com/watch?v=DHmZ88ybPtI,0,0.0000
Христина Соловій,Тримай,1389,A4ud4WxXTEk,https://music.youtube.com/watch?v=A4ud4WxXTEk,0,0.0000
Luciano Pavarotti; National Philharmonic Orchestra; Giancarlo Chiaramello,De Curtis: Torna a Surriento (Arr. Chiaramello),1394,Z5pjO907UG0,https://music.youtube.com/watch?v=Z5pjO907UG0,0,0.0000
Luciano Pavarotti; Tom Krause; Pier Francesco Poli; Piero de Palma,"Puccini: Turandot, Act III: Nessun dorma – Tu che guardi le stelle",1397,lHoYk2mRuSQ,https://music.youtube.com/watch?v=lHoYk2mRuSQ,0,0.0000
Luciano Pavarotti; National Philharmonic Orchestra; Giancarlo Chiaramello,"Di Capua, Mazzucchi: 'O sole mio (Orch. Chiaramello)",1399,R2xPqfD54F4,https://music.youtube.com/watch?v=R2xPqfD54F4,0,0.0000
Meshuggah,They Move Below,1404,TM87DMK-q4o,https://music.youtube.com/watch?v=TM87DMK-q4o,0,0.0000
Anima Tempo,Deceitful Idols,1409,ZeB4e87tkw4,https://music.youtube.com/watch?v=ZeB4e87tkw4,0,0.0000
ТІК,Олені,1412,75XGMVRDj_A,https://music.youtube.com/watch?v=75XGMVRDj_A,0,0.0000
Океан Ельзи,Квітка,1414,UKmbZb2Yxcc,https://music.youtube.com/watch?v=UKmbZb2Yxcc,0,0.0000
Brian Eno; Bono; The Edge; Luciano Pavarotti,Miss Sarajevo (Live),1419,BHCkSIQQ0K4,https://music.youtube.com/watch?v=BHCkSIQQ0K4,0,0.0000
Davy Jones Theme Suite,Hans Zimmer,1422,3TOzkCIaXjI,https://music.youtube.com/watch?v=3TOzkCIaXjI,0,0.0000
Сплин,Выхода нет,1424,o21YLdIvlUs,https://music.youtube.com/watch?v=o21YLdIvlUs,0,0.0000
Александр Гум,Она ушла,1430,BAV_wBzMqR4,https://music.youtube.com/watch?v=BAV_wBzMqR4,0,0.0000
Вахид Аюбов,Опустилась ночь над Ленинградом,1437,m7XTePLCMHA,https://music.youtube.com/watch?v=m7XTePLCMHA,1,0.2751
Blackhelm,Of Serpent and Stone,1439,eXILq9_rM7I,https://music.youtube.com/watch?v=eXILq9_rM7I,2,0.5213
Luciano Pavarotti; Coro del Teatro Comunale di Bologna; Henry Mancini,De Curtis: Ti voglio tanto bene (Arr. Mancini),1440,k2mwbQj_wTc,https://music.youtube.com/watch?v=k2mwbQj_wTc,0,0.0000
Тимерболат,Галерея памяти - Шахиды в судный день,1441,rYe-d5wSgt8,https://music.youtube.com/watch?v=rYe-d5wSgt8,1,0.1969
Егор и Опизденевшие,Вечная весна,1442,AqfwEGUuvrA,https://music.youtube.com/watch?v=AqfwEGUuvrA,0,0.0000
Друга Ріка,Три хвилини,1449,nl0ax7LNNmk,https://music.youtube.com/watch?v=nl0ax7LNNmk,0,0.0000
Константин Ступин,Когда я умер (Акустика 2014-2015),1453,gbSaNYCGoHI,https://music.youtube.com/watch?v=gbSaNYCGoHI,1,0.1735
Pavarotti,Сaruso,1457,I8A61eY1Efg,https://music.youtube.com/watch?v=I8A61eY1Efg,0,0.0000
Igorrr,Houmous recording,1470,1U-1h0_ifOc,https://music.youtube.com/watch?v=1U-1h0_ifOc,0,0.0000
Mario Lanza; Franco Ferrara,Na sera 'e maggio (Redbook Stereo),1484,a0jPTlUwqzE,https://music.youtube.com/watch?v=a0jPTlUwqzE,1,0.4157
"Luciano Pavarotti; Orchestra of the Royal Opera House, Covent Garden; Edward Downes; Giacomo Puccini","Puccini: Tosca, SC 69 / Act 3: ""E lucevan le stelle",1486,Z1rpgvxWPtQ,https://music.youtube.com/watch?v=Z1rpgvxWPtQ,0,0.0000
Kassia; Ludwig van Beethoven,Beethoven: Sonata No. 17 Tempest 3rd Movement,1490,BB42Xx3IP88,https://music.youtube.com/watch?v=BB42Xx3IP88,0,0.0000
Kassia,Chopin: Nocturne Op. 27 No. 2,1497,r0EGDymiDms,https://music.youtube.com/watch?v=r0EGDymiDms,1,0.5318
"Пьеха Стас, Григорий Лепс",Она не твоя,1524,O-5DOjAoq3k,https://music.youtube.com/watch?v=O-5DOjAoq3k,0,0.0000
Led Zeppelin,Kashmir (Remaster),1532,tzVJPgCn-Z8,https://music.youtube.com/watch?v=tzVJPgCn-Z8,0,0.0000
БумБокс,Тримай мене (Acoustic Version) (feat. The Gitas),1547,axAKt_taYHk,https://music.youtube.com/watch?v=axAKt_taYHk,0,0.0000
Okean Elzy,І я на небі,1548,hLPe_jGmxq0,https://music.youtube.com/watch?v=hLPe_jGmxq0,1,0.2926
Скрябін,Мам,1549,-vqoUmQgT1M,https://music.youtube.com/watch?v=-vqoUmQgT1M,0,0.0000
Океан Ельзи,Стріляй,1550,R_mi9O6JuTk,https://music.youtube.com/watch?v=R_mi9O6JuTk,0,0.0000
Скрябін,"Люди, як кораблі",1551,FWH7lRJ6mPw,https://music.youtube.com/watch?v=FWH7lRJ6mPw,0,0.0000
Franz Liszt,Liebestraum - Love Dream,1561,KpOtuoHL45Y,https://music.youtube.com/watch?v=KpOtuoHL45Y,1,0.5167
Yoshihisa Hirano,Kingdom of Predators,1574,LooOkvPQQ2Y,https://music.youtube.com/watch?v=LooOkvPQQ2Y,0,0.0000
Константин Ступин,Лёд и ветер (Акустика 2014-2015),1575,kvSFwkgZu8c,https://music.youtube.com/watch?v=kvSFwkgZu8c,1,0.2245
Тимерболат,"Мама приезжай, ты меня забери",1578,DJMA1IXTWj0,https://music.youtube.com/watch?v=DJMA1IXTWj0,1,0.1927
Веня Д'ркин,Нибелунг,1579,vIGF-sTBsHU,https://music.youtube.com/watch?v=vIGF-sTBsHU,0,0.0000
Tina Turner,Goldeneye (2003 Remaster),1581,1_Aq5rQdPso,https://music.youtube.com/watch?v=1_Aq5rQdPso,0,0.0000
Chopin,Relaxing Classical Music,1589,y1dbbrfekAM,https://music.youtube.com/watch?v=y1dbbrfekAM,0,0.0000
Океан Ельзи,Я так хочу...,1592,kKbuv7NAMTc,https://music.youtube.com/watch?v=kKbuv7NAMTc,0,0.0000
Yoshihisa Hirano,In The Palace,1606,pucT5R6AV5o,https://music.youtube.com/watch?v=pucT5R6AV5o,0,0.0000
Meshuggah,Bleed - Tomas Haake - Wincent Drumsticks,1633,bAJ1WTGNISk,https://music.youtube.com/watch?v=bAJ1WTGNISk,2,0.3692
Led Zeppelin,Kashmir (1990 Remaster),1637,SsaFBNvhceA,https://music.youtube.com/watch?v=SsaFBNvhceA,0,0.0000
Led Zeppelin,"Kashmir (Live: O2 Arena, London - December 10, 2007)",1639,xK68DAzD0eM,https://music.youtube.com/watch?v=xK68DAzD0eM,0,0.0000
Led Zeppelin,No Quarter (Remaster),1641,wdqDmJbm2eY,https://music.youtube.com/watch?v=wdqDmJbm2eY,0,0.0000
Леонид Агутин; Therr Maitz,Что происходит? (LAB с Антоном Беляевым),1650,t3NYBr_QaEU,https://music.youtube.com/watch?v=t3NYBr_QaEU,0,0.0000
Михаил Елизаров,Pro Testo,1657,I46-R1wBW84,https://music.youtube.com/watch?v=I46-R1wBW84,0,0.0000
Михаил Елизаров,Селигер,1659,Dgy9hal5I7Y,https://music.youtube.com/watch?v=Dgy9hal5I7Y,0,0.0000
Михаил Елизаров,Пидарасы Одиночества,1665,roz_LD70HII,https://music.youtube.com/watch?v=roz_LD70HII,0,0.0000
Михаил Елизаров,"Отель ""Лето",1681,Je44HN1OrnI,https://music.youtube.com/watch?v=Je44HN1OrnI,0,0.0000
Eiro Nareth,Bandoleros (Fast&Furious Theme),1709,XFyjdUTUMBQ,https://music.youtube.com/watch?v=XFyjdUTUMBQ,0,0.0000
Михаил Елизаров,Пар-голова,1710,H_ezAF1ZvUw,https://music.youtube.com/watch?v=H_ezAF1ZvUw,0,0.0000
Отава Ё,"Ой, Дуся, ой, Маруся (казачья лезгинка)",1711,Jnpr-Rohu7U,https://music.youtube.com/watch?v=Jnpr-Rohu7U,1,0.1657
Валерий Меладзе,Иностранец,1713,ZTJQhSea6xU,https://music.youtube.com/watch?v=ZTJQhSea6xU,0,0.0000
Михаил Елизаров,"Ариозо Чикатило ""Фенечка, здравствуй!..",1715,90uinveF_sM,https://music.youtube.com/watch?v=90uinveF_sM,1,0.1568
Михаил Елизаров,Мама-Гуантанама,1717,s47eNxE9Lts,https://music.youtube.com/watch?v=s47eNxE9Lts,0,0.0000
Михаил Елизаров,Инициатическая,1718,tnrSHPi-HP8,https://music.youtube.com/watch?v=tnrSHPi-HP8,0,0.0000
рома майк,Босоніж,1720,DziNa-XGB-E,https://music.youtube.com/watch?v=DziNa-XGB-E,0,0.0000
Just Do It,Tender Acoustic Version!,1728,qDQIon7SrOg,https://music.youtube.com/watch?v=qDQIon7SrOg,0,0.0000
Infant Annihilator,Paedophilic Supremacy,1737,oBni1QiQNVs,https://music.youtube.com/watch?v=oBni1QiQNVs,0,0.0000
Егор Летов,Никто не хотел умирать,1740,cb-lRR9DWtw,https://music.youtube.com/watch?v=cb-lRR9DWtw,1,0.2570
Михаил Елизаров,Ебанутое счастье,1742,gyL6a0m9Q6Y,https://music.youtube.com/watch?v=gyL6a0m9Q6Y,0,0.0000
Егор Летов,Кайф или больше,1743,pxu3NRhQzFA,https://music.youtube.com/watch?v=pxu3NRhQzFA,0,0.0000
Егор Летов,Харакири (2021 Remastered Version),1794,x06MOwnE6P0,https://music.youtube.com/watch?v=x06MOwnE6P0,0,0.0000
MORGENSHTERN ft. OBEME,ДУЛО (prod. checkoff),1806,qHgLyODFCQE,https://music.youtube.com/watch?v=qHgLyODFCQE,0,0.0000
Deathwhite,Funeral Ground,1857,3uRznLJnsuw,https://music.youtube.com/watch?v=3uRznLJnsuw,0,0.0000
Godsmack,Awake (Official Acapella),1868,LaHQyRXmlIg,https://music.youtube.com/watch?v=LaHQyRXmlIg,0,0.0000
London Symphony Orchestra,Stravinsky The Rite of Spring // London Symphony Orchestra/Sir Simon Rattle,1926,EkwqPJZe8ms,https://music.youtube.com/watch?v=EkwqPJZe8ms,0,0.0000
Open Wound,Stranglehold EP,1935,OUttzDsNk_4,https://music.youtube.com/watch?v=OUttzDsNk_4,0,0.0000
Kassia; Frédéric Chopin,Chopin: Nocturne Op. 9 No. 1,1945,ph7nsCIqcgI,https://music.youtube.com/watch?v=ph7nsCIqcgI,1,0.5408
Kassia,Beethoven: Sonata No. 21 Waldstein 1st Movement,1946,4z6apjs0DLk,https://music.youtube.com/watch?v=4z6apjs0DLk,0,0.0000
Kassia,Glinka/Balakirev: The Lark,1947,klogkmrXAYc,https://music.youtube.com/watch?v=klogkmrXAYc,0,0.0000
Notre Dame de Paris,Belle Subtitled English,1973,Lefbtf5jjbg,https://music.youtube.com/watch?v=Lefbtf5jjbg,0,0.0000
Frank Sinatra,Strangers In The Night (2008 Remastered),1974,Fd_3EkGr0-4,https://music.youtube.com/watch?v=Fd_3EkGr0-4,20,0.5414
Michael Bolton; Seal,When a Man Loves a Woman / It's a Man's Man's Man's World,1979,Ht3JrykyW74,https://music.youtube.com/watch?v=Ht3JrykyW74,20,0.5131
Silencer,Death - Pierce Me,1982,V3HibSBlqbw,https://music.youtube.com/watch?v=V3HibSBlqbw,7,0.4239
Linkin Park,Numb But It's Party Rock Anthem By LMFAO,1990,JnyMegOMDdM,https://music.youtube.com/watch?v=JnyMegOMDdM,0,0.0000
System of a Down,Toxicity But It's Bad Day By Daniel Powter,1997,dBfAN20t-m0,https://music.youtube.com/watch?v=dBfAN20t-m0,0,0.0000
Vacuum,"I Breathe"" (1997 год)",2036,gdcv7Shi9rM,https://music.youtube.com/watch?v=gdcv7Shi9rM,0,0.0000
Ляпис Трубецкой,Капитал,2040,RbrkbUv66xk,https://music.youtube.com/watch?v=RbrkbUv66xk,0,0.0000
ВИА ГРА,Попытка No 5,2041,g_5djgZTsro,https://music.youtube.com/watch?v=g_5djgZTsro,0,0.0000
Brushy One String,Brushy One String | Grey In My Blue,2043,0JTZ4kbe8Wg,https://music.youtube.com/watch?v=0JTZ4kbe8Wg,0,0.0000
Brushy One String,Brushy One String | Just Want To Be Me,2047,MfAqRlP8kkk,https://music.youtube.com/watch?v=MfAqRlP8kkk,0,0.0000
HOMIE,Безумно можно быть первым,2096,8IlRPs975Ew,https://music.youtube.com/watch?v=8IlRPs975Ew,1,0.0522
Signs of the Swarm,Cesspool of Ignorance,2119,DHSmbbGCBfg,https://music.youtube.com/watch?v=DHSmbbGCBfg,0,0.0000
Gutalax,Strejda Donald,2120,-Dcbe45yG_c,https://music.youtube.com/watch?v=-Dcbe45yG_c,0,0.0000
Владимир Дантес,Оля,2189,XhUKp4_j4V4,https://music.youtube.com/watch?v=XhUKp4_j4V4,0,0.0000
Псой Короленко,Невский проспект,2210,E3iRthrh9m4,https://music.youtube.com/watch?v=E3iRthrh9m4,0,0.0000
Acrania,Exterminate the Liberated,2220,I6-rek-tfrw,https://music.youtube.com/watch?v=I6-rek-tfrw,0,0.0000
Sale Only,Палай,2227,Mq54BueWKbA,https://music.youtube.com/watch?v=Mq54BueWKbA,0,0.0000
Михаил Круг; Михаил Гулько,Купола [Золотые купола],2235,gi4PS6AXyS8,https://music.youtube.com/watch?v=gi4PS6AXyS8,0,0.0000
Jared Dines,The Saxy Djent Song,2237,CJB_DaCa6_U,https://music.youtube.com/watch?v=CJB_DaCa6_U,0,0.0000
Antonina Lisohorska,"choir DUDARYK - Air ""on the G string"" by J. S. Bach (arr. MLK)",2242,MWwa2soslig,https://music.youtube.com/watch?v=MWwa2soslig,0,0.0000
Михей,Cука-любовь,2254,2Ax_KKk0nF4,https://music.youtube.com/watch?v=2Ax_KKk0nF4,0,0.0000
Pianoбой,Так добре з тобою,2256,ZdLVw-mCR4A,https://music.youtube.com/watch?v=ZdLVw-mCR4A,1,0.1561
Vitas,Opera #2,2259,8-qZD6XHVCA,https://music.youtube.com/watch?v=8-qZD6XHVCA,0,0.0000
БумБокс; The Gitas,Тримай мене,2260,PErsengn-ZQ,https://music.youtube.com/watch?v=PErsengn-ZQ,0,0.0000
Зануда,Нахуй (feat. П.Ё.С. & Манька),2284,2SV0OjsTk6w,https://music.youtube.com/watch?v=2SV0OjsTk6w,0,0.0000
Sodom,M-16 (2021 - Remaster),2288,fVAptMz283k,https://music.youtube.com/watch?v=fVAptMz283k,0,0.0000
Patrik Pietschmann,Skyrim - Dragonborn (Piano Version),2297,1PetRVcM2sk,https://music.youtube.com/watch?v=1PetRVcM2sk,1,0.3826
Aaron Lewis,Outside [Family Values Live Version] (feat. Fred Durst),2300,wlErVKh1ewg,https://music.youtube.com/watch?v=wlErVKh1ewg,0,0.0000
Acrania,Gagged With Propaganda,2315,bWRYXvWp4FM,https://music.youtube.com/watch?v=bWRYXvWp4FM,0,0.0000
Скрябін,Місця Щасливих Людей,2338,9AverhY6qAo,https://music.youtube.com/watch?v=9AverhY6qAo,0,0.0000
Океан Ельзи,Ордени (Хіба нам не сниться),2343,HL3QxRcFde0,https://music.youtube.com/watch?v=HL3QxRcFde0,1,0.2472
Михей,Сука Любовь,2344,AccbNbqN2RQ,https://music.youtube.com/watch?v=AccbNbqN2RQ,0,0.0000
Ёлка,На большом воздушном шаре,2346,F3SZZVmv0Ic,https://music.youtube.com/watch?v=F3SZZVmv0Ic,1,0.2026
Земфира,ХОЧЕШЬ?,2347,iz6S2a94Gy4,https://music.youtube.com/watch?v=iz6S2a94Gy4,0,0.0000
Menstrual Cocktail,Prolapse Job (Full Demo),2351,Hr0dN262Lt0,https://music.youtube.com/watch?v=Hr0dN262Lt0,0,0.0000
Ёлка,Прованс,2352,8tBxbVEJ_LM,https://music.youtube.com/watch?v=8tBxbVEJ_LM,0,0.0000
Brainstorm,Na Zare,2354,Cv5JJ8h03Ow,https://music.youtube.com/watch?v=Cv5JJ8h03Ow,0,0.0000
Альянс,На заре (1987),2355,x4xCSVl833I,https://music.youtube.com/watch?v=x4xCSVl833I,0,0.0000
Linkin Park,Enth E Nd (Kutmasta Kurt Reanimation) (feat. Motion Man),2358,KWS1bZVoaGQ,https://music.youtube.com/watch?v=KWS1bZVoaGQ,0,0.0000
Oh Camper,Camper Song With,2364,innJxQM_-CE,https://music.youtube.com/watch?v=innJxQM_-CE,0,0.0000
Alexandr Misko,Thrones Theme,2372,D5je-gDRwZk,https://music.youtube.com/watch?v=D5je-gDRwZk,0,0.0000
John Kalligan,20000 лет (Live),2391,4Jh_MFRs2NQ,https://music.youtube.com/watch?v=4Jh_MFRs2NQ,0,0.0000
Patrik Pietschmann,Light of the Seven - Game of Thrones (Piano Version),2400,OCqMDeD6Fmc,https://music.youtube.com/watch?v=OCqMDeD6Fmc,20,0.4550
Village People,YMCA (Original Version 1978),2401,7-F8wkjKWg8,https://music.youtube.com/watch?v=7-F8wkjKWg8,0,0.0000
Машина Времени,Однажды Мир Прогнется под Нас,2408,pa8tJbJkg7g,https://music.youtube.com/watch?v=pa8tJbJkg7g,1,0.2292
Валерий Меладзе,Небеса,2411,HE1C1ZjfcMw,https://music.youtube.com/watch?v=HE1C1ZjfcMw,0,0.0000
Егор Летов,Отряд не заметил потери бойца (2021 Remastered Version),2416,SxB4LkvQOSQ,https://music.youtube.com/watch?v=SxB4LkvQOSQ,1,0.1897
Batushka,Litourgiya [Full - HD],2417,xgfa5UlZAL8,https://music.youtube.com/watch?v=xgfa5UlZAL8,0,0.0000
Ани Лорак,Зеркала,2418,Fs8Q_JfRiDo,https://music.youtube.com/watch?v=Fs8Q_JfRiDo,0,0.0000
Т. Буланова,Не плачь,2419,QsxBckAVRzY,https://music.youtube.com/watch?v=QsxBckAVRzY,0,0.0000
Григорий Лепс & Ирина Аллегрова,Я тебе не верю,2422,QYNNOlqXC1s,https://music.youtube.com/watch?v=QYNNOlqXC1s,1,0.1869
Конкурс от John Kalligan и Fender | IV,Панихида,2424,qrtoKtZ_fLo,https://music.youtube.com/watch?v=qrtoKtZ_fLo,0,0.0000
Remco Hendriks,Fretless Fornication,2436,6-dNPDoyEbc,https://music.youtube.com/watch?v=6-dNPDoyEbc,0,0.0000
Nekrosystem,No Relax Frank,2445,S5rCBdfYzPo,https://music.youtube.com/watch?v=S5rCBdfYzPo,0,0.0000
Валентин Стрыкало,Всё решено,2453,_Yq2QAhLt_w,https://music.youtube.com/watch?v=_Yq2QAhLt_w,0,0.0000
John Kalligan,Панихида (Live),2507,JSUAfDr4ZKI,https://music.youtube.com/watch?v=JSUAfDr4ZKI,0,0.0000
Eiro Nareth,Rammstein Medley,2509,CNGYCIax1jA,https://music.youtube.com/watch?v=CNGYCIax1jA,0,0.0000
Hayaino Daisuki,Invincible Gate Mind EP (2010) Full Album HQ (Thrash/Melodic/Grind),2533,VGj7nmUy4PY,https://music.youtube.com/watch?v=VGj7nmUy4PY,0,0.0000
Enjoykin,Полковник,2587,diLV_LkZK8w,https://music.youtube.com/watch?v=diLV_LkZK8w,0,0.0000
Totality,Death Metal Friday,2639,7U7FizJjvD8,https://music.youtube.com/watch?v=7U7FizJjvD8,0,0.0000
Pirates of the Caribbean,He ́s a pirate (organ) / Fluch der Karibik OST (Orgel),2640,xsm1Nd83rtY,https://music.youtube.com/watch?v=xsm1Nd83rtY,0,0.0000
Okilly Dokilly,White Wine Spritzer,2654,1mDT51Cb31A,https://music.youtube.com/watch?v=1mDT51Cb31A,0,0.0000
System Of A Down,War? (Official HD Video),2669,F46r-_jPPHY,https://music.youtube.com/watch?v=F46r-_jPPHY,0,0.0000
Gridscape,"Jacked-In - Album Previews (Release Date: April 3, 2017)",2679,VrUIiA4Au3g,https://music.youtube.com/watch?v=VrUIiA4Au3g,0,0.0000
Smash Mouth,Shooting All Star,2701,ifY-5UZRamU,https://music.youtube.com/watch?v=ifY-5UZRamU,0,0.0000
Logan Epic Canto,Song of Glorious Life,2741,ngk--7Pihvc,https://music.youtube.com/watch?v=ngk--7Pihvc,10,0.4692
Logan Epic Canto,Song of the Lonely Rocks,2743,sWAy5mj0INI,https://music.youtube.com/watch?v=sWAy5mj0INI,20,0.5123
Tobi King,Loli Mou,2749,IXHqVnJx0yw,https://music.youtube.com/watch?v=IXHqVnJx0yw,0,0.0000
Logan Epic Canto,Song Of The Round Table,2750,FjVpzztMmpw,https://music.youtube.com/watch?v=FjVpzztMmpw,20,0.5223
Arija,Bespechnyy angel,2753,qXBORMBTfDs,https://music.youtube.com/watch?v=qXBORMBTfDs,0,0.0000
JUST DO IT!!! ft. Shia LaBeouf,Songify This,2754,UhRXn2NRiWI,https://music.youtube.com/watch?v=UhRXn2NRiWI,0,0.0000
Rob Cantor,Shia LaBeouf Live,2769,5PltmYbSBss,https://music.youtube.com/watch?v=5PltmYbSBss,0,0.0000
Conchita Wurst,Austria: Rise Like a Phoenix,2783,SaolVEJEjV4,https://music.youtube.com/watch?v=SaolVEJEjV4,0,0.0000
